Name,Brand,Location,MapURL,SiteURL,Picture,Percentage
白鶴酒造資料館,天空,兵庫県神戸市東灘区,https://maps.app.goo.gl/EGKKndQVeokXWPxJ9,https://www.hakutsuru.co.jp/community/shiryo/,pic/no1.jpg,0.080786
清酒徳若 蔵元直売所,徳若 純米大吟醸しずく酒生原酒,兵庫県西宮市,https://maps.app.goo.gl/qDzWaCzLMvgRHux87,https://tokuwaka.storeinfo.jp/,pic/no2.jpg,0.080786
白鹿クラシックス,白鹿,兵庫県西宮市,https://maps.app.goo.gl/zYtmLsHP2A16Zaz19,https://classics.hakushika.co.jp/,pic/no3.jpg,0.080786
甘辛の関寿庵,創家 大坂屋,兵庫県西宮市,https://maps.app.goo.gl/iCVv3kLWwdHW945A6,https://sekijuan.ozeki.co.jp/,pic/no4.jpg,0.080786
蔵元ショップ 東明蔵,福寿, 兵庫県神戸市東灘区,https://maps.app.goo.gl/MkDks79qBhpkFmDj8,https://www.shushinkan.co.jp/toumyou/,pic/no5.jpg,0.080786
浜福鶴 吟醸工房,空蔵 山田錦 純米吟醸 生原酒,兵庫県神戸市東灘区,https://maps.app.goo.gl/dABc1zoCeTocMNaKA,https://www.hamafukutsuru.co.jp/,pic/no6.jpg,0.080786
菊正宗酒造記念館,菊正宗,兵庫県神戸市東灘区,https://maps.app.goo.gl/8TugCxke5na63arM8,https://www.kikumasamune.co.jp/kinenkan/,pic/no7.jpg,0.080786
十一代目又四郎,大黒正宗,兵庫県神戸市東灘区,https://maps.app.goo.gl/vRw6vAnRE1bRTFFY6,https://matashiro.jp/,pic/no8.jpg,0.080786
櫻正宗記念館 櫻宴,櫻正宗 焼稀 生一本,神戸市東灘区,https://maps.app.goo.gl/eWwC7et41zXLWdhZ9,https://www.sakuramasamune.co.jp/sakuraen/sakuraen_index.html,pic/no9.jpg,0.080786
日本盛酒蔵通り煉瓦館,惣花純米吟醸,兵庫県西宮市,https://maps.app.goo.gl/sLZHqpus8UuRViH5A,https://www.rengakan.com/,pic/no10.jpg,0.080786
昔の酒蔵 沢の鶴資料館,沢の鶴 特別純米酒 実楽じつらく山田錦,兵庫県神戸市灘区,https://maps.app.goo.gl/r1J447G2hvxPWpYB8,https://www.sawanotsuru.co.jp/site/company/siryokan/,pic/no11.jpg,0.080786
ほろ酔い城下蔵,鳳鳴,兵庫県丹波篠山市,https://maps.app.goo.gl/ZGup2jGQQ3smdaf49,https://houmei.wixsite.com/houmeisyuzou/home,pic/no12.jpg,0.0001
直売店「秀月庵」,秀月,兵庫県丹波篠山市,https://maps.app.goo.gl/4cZmk3JgfjXh79Qo8,https://syuugetu.jp/,pic/no13.jpg,0.0001
株式会社西山酒造場,小鼓 路上有花 葵,兵庫県丹波市,https://maps.app.goo.gl/LHVmb56eYjKe7Fao9,https://kotsuzumi.co.jp/,pic/no14.jpg,0.0001
白雪ブルワリービレッジ 長寿蔵,大吟醸ひやしぼり,兵庫県伊丹市,https://maps.app.goo.gl/RTjy3c36ainaZcib6,https://www.konishi.co.jp/choujugura/,pic/no15.jpg,0.080786
老松 直販所,老松,兵庫県伊丹市,https://maps.app.goo.gl/56UMeaLDhSAvCspt6,https://www.oimatsu.biz/,pic/no16.jpg
田治米合名会社,純米酒 香色,兵庫県朝来市,https://maps.app.goo.gl/Tm9jbe1xRPeVHsgY7,http://www.chikusen-1702.com/,pic/no17.jpg,0.0001
名城酒造株式会社,官兵衛にごり酒,兵庫県姫路市,https://maps.app.goo.gl/1fyGdVvqsY9ABrpN7,http://www.meijoshuzou.co.jp/,pic/no18.jpg,0.001
姫路灘菊酒造 酒蔵ミュージアム,純米吟醸 灘菊,兵庫県姫路市,https://maps.app.goo.gl/288DtDTkYrZKBvR58,https://www.nadagiku.co.jp/?tid=2&mode=f24,pic/no19.jpg,0.01
田中酒造場,純米吟醸 白鷺の城,兵庫県姫路市,https://maps.app.goo.gl/E1qoFJyk7oRK6q5PA,https://www.sake-tanaka.com/,pic/no20.jpg,0.01
龍力テロワール館,龍力 大吟醸米のささやき40-50,兵庫県姫路市,https://maps.app.goo.gl/fMS3e5v4qTXc7pZv9,https://www.taturiki.com/,pic/no21.jpg,0.01
壷坂酒造株式会社,大吟醸雪彦山,兵庫県姫路市,https://maps.app.goo.gl/CYggpaRkNeo8CfWi7,https://seppiko.shop-pro.jp/,pic/no22.jpg,0.001
千年一酒造株式会社,大吟醸 千代の縁,兵庫県淡路市,https://maps.app.goo.gl/9vrqTHN812BNkSdPA,https://sennenichi.co.jp/,pic/no23.jpg,0.01
明石酒類醸造&海峡蒸溜所ビジターセンター,明石鯛, 兵庫県明石市,https://maps.app.goo.gl/jTHK2u899DD5XVmD9,https://www.akashi-tai.com/jp/,pic/no24.jpg,0.080786
株式会社日本の古酒蔵,古昔の美酒 GOLD,兵庫県加古川市,https://maps.app.goo.gl/G7K5PnfpeTinDk3t7,https://oldvintage.jp/,pic/no25.jpg,0.080786
合名会社 岡田本家,盛典　特別純米,兵庫県加古川市,https://maps.app.goo.gl/SMh3Hyiw5ZuZSaySA,https://okadahonke.jp/,pic/no26.jpg,0.080786
